{
    "Scenario0": {
        "archetype": "BUILDING",
        "E_el_kWh": 87885.67473908032,
        "C_el_eur": 10588.713806859232,
        "G_kWh": 134414.6200110707,
        "G_Smc": 12562.11401972623,
        "C_gas_eur": 5239.730733340109,
        "C0_eur": 15828.44454019934,
        "E_el_F1_kWh": 35829.441783283815,
        "C_el_F1_eur": 4652.9904571861525,
        "E_el_F2_kWh": 28026.79057208685,
        "C_el_F2_eur": 3376.2753530570144,
        "E_el_F3_kWh": 24029.442383709644,
        "C_el_F3_eur": 2559.447996616065
    },
    "Scenario1_PV_Only": {
        "E_imp_kWh": 61017.81129152463,
        "C_el_eur": 7228.927141304143,
        "E_pv_kWh": 42910.117749059675,
        "E_curt_kWh": 16042.254301504001,
        "E_pv_used_kWh": 26867.863447555676,
        "E_ch_kWh": 0.0,
        "E_ch_pv_kWh": 0.0,
        "E_ch_grid_kWh": 0.0,
        "E_dis_kWh": 0.0,
        "Cycles": 0.0,
        "C_total_eur": 12468.657874644252
    },
    "Scenario1_PV_BESS": {
        "E_imp_kWh": 56334.182531001556,
        "C_el_eur": 6573.693775354421,
        "E_pv_kWh": 42910.117749059675,
        "E_curt_kWh": 10450.854503123986,
        "E_pv_used_kWh": 32459.26324593569,
        "E_ch_kWh": 9310.47218314811,
        "E_ch_pv_kWh": 5592.448732671066,
        "E_ch_grid_kWh": 3718.0234504770438,
        "E_dis_kWh": 8402.701145291168,
        "Cycles": 420.13505726455844,
        "C_total_eur": 11813.42450869453
    },
    "Metadata_Solver": {
        "status": "ok",
        "termination_condition": "optimal",
        "objective": 6573.693775354422
    },
    "Savings_PV_Only_vs_S0": 3359.786665555089,
    "Savings_PV_BESS_vs_S0": 4015.0200315048114,
    "Incremental_Savings_BESS": 655.2333659497226
}