{
    "S0": {
        "CoupleWorking": {
            "archetype": "CoupleWorking",
            "E_el_kWh": 3880.49240083564,
            "C_el_eur": 469.6117860293411,
            "G_kWh": 4606.011442492949,
            "G_Smc": 430.46835911149054,
            "C_gas_eur": 178.9678786853129,
            "C0_eur": 648.579664714654,
            "E_el_F1_kWh": 1677.784727999082,
            "C_el_F1_eur": 217.8855137016008,
            "E_el_F2_kWh": 1226.2072651687731,
            "C_el_F2_eur": 147.71628440582143,
            "E_el_F3_kWh": 976.5004076677852,
            "C_el_F3_eur": 104.0099879219188
        },
        "Family1Child": {
            "archetype": "Family1Child",
            "E_el_kWh": 5715.188016185153,
            "C_el_eur": 685.550230397357,
            "G_kWh": 7363.301372065988,
            "G_Smc": 688.159006735139,
            "C_gas_eur": 286.8900133373176,
            "C0_eur": 972.4402437346746,
            "E_el_F1_kWh": 2166.2170308004293,
            "C_el_F1_eur": 281.31577470489776,
            "E_el_F2_kWh": 1879.3742654752537,
            "C_el_F2_eur": 226.40070026474191,
            "E_el_F3_kWh": 1669.5967199094696,
            "C_el_F3_eur": 177.83375542771734
        },
        "Family3Children": {
            "archetype": "Family3Children",
            "E_el_kWh": 5878.997216617332,
            "C_el_eur": 709.4204653150903,
            "G_kWh": 10491.660635084923,
            "G_Smc": 980.5290313163482,
            "C_gas_eur": 408.9823004782093,
            "C0_eur": 1118.4027657932995,
            "E_el_F1_kWh": 2439.132523686692,
            "C_el_F1_eur": 316.7579451885723,
            "E_el_F2_kWh": 1882.9077681069837,
            "C_el_F2_eur": 226.8263671927759,
            "E_el_F3_kWh": 1556.9569248236558,
            "C_el_F3_eur": 165.83615293374203
        },
        "RetiredCouple": {
            "archetype": "RetiredCouple",
            "E_el_kWh": 2102.457314177938,
            "C_el_eur": 253.1602796300583,
            "G_kWh": 4421.950552570277,
            "G_Smc": 413.2664067822684,
            "C_gas_eur": 173.10595416718186,
            "C0_eur": 426.2662337972402,
            "E_el_F1_kWh": 882.7540741705599,
            "C_el_F1_eur": 114.63885784215977,
            "E_el_F2_kWh": 616.86881566636,
            "C_el_F2_eur": 74.31171874806371,
            "E_el_F3_kWh": 602.8344243410179,
            "C_el_F3_eur": 64.20970303983484
        },
        "BUILDING": {
            "archetype": "BUILDING",
            "E_el_kWh": 87885.67473908032,
            "C_el_eur": 10588.713806859232,
            "G_kWh": 134414.6200110707,
            "G_Smc": 12562.11401972623,
            "C_gas_eur": 5239.730733340109,
            "C0_eur": 15828.44454019934,
            "E_el_F1_kWh": 35829.441783283815,
            "C_el_F1_eur": 4652.9904571861525,
            "E_el_F2_kWh": 28026.79057208685,
            "C_el_F2_eur": 3376.2753530570144,
            "E_el_F3_kWh": 24029.442383709644,
            "C_el_F3_eur": 2559.447996616065
        }
    },
    "S1_PV_Only": {
        "E_imp_kWh": 61017.81129152463,
        "C_el_eur": 7228.927141304143,
        "E_pv_kWh": 42910.117749059675,
        "E_curt_kWh": 16042.254301504001,
        "E_pv_used_kWh": 26867.863447555676,
        "E_ch_kWh": 0.0,
        "E_ch_pv_kWh": 0.0,
        "E_ch_grid_kWh": 0.0,
        "E_dis_kWh": 0.0,
        "Cycles": 0.0,
        "C_total_eur": 12468.657874644252
    },
    "S1_PV_BESS": {
        "E_imp_kWh": 56334.182531001556,
        "C_el_eur": 6573.693775354421,
        "E_pv_kWh": 42910.117749059675,
        "E_curt_kWh": 10450.854503123986,
        "E_pv_used_kWh": 32459.26324593569,
        "E_ch_kWh": 9310.47218314811,
        "E_ch_pv_kWh": 5592.448732671066,
        "E_ch_grid_kWh": 3718.0234504770438,
        "E_dis_kWh": 8402.701145291168,
        "Cycles": 420.13505726455844,
        "C_total_eur": 11813.42450869453
    },
    "S2_Flexible": {
        "E_imp_kWh": 53475.08748471747,
        "C_el_eur": 6040.128574307166,
        "E_pv_used_kWh": 35191.16265975797,
        "E_curt_kWh": 7718.955089301708,
        "E_ch_kWh": 8009.050786302045,
        "E_dis_kWh": 7228.168334637596,
        "Cycles": 361.4084167318798,
        "C_total_eur": 11279.859307647275
    },
    "Savings_DeltaFlex": 533.565201047255
}